ensemble,sqexp
 [ 0.78747693  0.92423783]. , [ 0.9612079   0.11654669]. 
 [ 0.16313511  0.42787448]. , [ 0.70956772  0.23034416]. 
 [ 0.4332104   0.35447225]. , [ 0.41447673  0.03286273]. 
 [ 0.  0.]. , [ 0.14734871  0.89519381]. 
 [ 0.          0.24586777]. , [ 0.44046074  0.39567659]. 
 [ 0.  1.]. , [ 0.7503597  1.       ]. 
 [ 0.14300246  0.13889441]. , [ 0.56891277  0.        ]. 
 [ 0.31431056  0.        ]. , [ 0.  0.]. 
 [ 0.19349548  0.17554357]. , [ 1.          0.53451045]. 
 [ 0.23902755  0.20256602]. , [  3.86902856e-02  -1.38777878e-17]. 
 [ 0.20045092  0.21774067]. , [ 0.13325651  0.01755272]. 
 [ 0.21353493  0.19504281]. , [ 0.          0.26818806]. 
 [ 0.22674203  0.24043502]. , [ 0.11064495  0.1245254 ]. 
 [ 0.17079538  0.20973252]. , [ 0.16258631  0.16283215]. 
 [ 0.23294989  0.16562686]. , [ 0.98009519  0.95116525]. 
 [ 0.21971092  0.21505993]. , [ 0.88973898  0.57830665]. 
 [ 0.18945976  0.24327802]. , [  7.74360386e-01   5.09989016e-04]. 
 [ 0.19424514  0.19940305]. , [ 0.09452876  0.47292012]. 
 [ 0.26220383  0.22293451]. , [ 0.28804401  0.79077681]. 
 [ 0.20764257  0.20658872]. , [ 0.58610712  0.31902727]. 
 [ 0.17227267  0.18547109]. , [ 0.90922393  0.91130816]. 
 [ 0.20959234  0.22954133]. , [ 0.63192428  0.11042764]. 
 [ 0.21342771  0.18006276]. , [ 0.50676286  0.75452368]. 
 [ 0.1867679   0.21854881]. , [ 0.01703146  0.58210768]. 
 [ 0.22381174  0.20142423]. , [ 0.7250575   0.24955239]. 
 [ 0.20149456  0.19012674]. , [ 0.80640036  0.53395473]. 
 [ 0.20130567  0.15029155]. , [ 0.5315368   0.62722358]. 
 [ 0.23309382  0.2211209 ]. , [ 0.37248403  0.38669254]. 
 [ 0.15591333  0.23371515]. , [ 0.67093079  0.06717284]. 
 [ 0.2129035   0.26470986]. , [ 0.25227363  0.63334785]. 
 [ 0.22919461  0.18751219]. , [ 0.81725881  0.387576  ]. 
 [ 0.19624255  0.20881121]. , [ 0.4784824   0.01903897]. 
 [ 0.18324252  0.19888129]. , [ 0.33633472  0.27199298]. 
 [ 0.2601858   0.18418242]. , [ 0.14499577  0.55462141]. 
 [ 0.21019453  0.21680274]. , [ 0.32323358  0.01354432]. 
 [ 0.19623822  0.22863983]. , [ 0.99959838  0.03360924]. 
 [ 0.2040948   0.19935506]. , [ 0.53094373  0.56531399]. 
 [ 0.21568603  0.20607878]. , [ 0.79790276  0.03726872]. 
 [ 0.22027843  0.22578006]. , [ 0.48684858  0.60725821]. 
 [ 0.1475054   0.19519725]. , [ 0.46419587  0.79118669]. 
 [ 0.17723514  0.16586379]. , [ 0.60979258  0.52341383]. 
 [ 0.20801207  0.24185385]. , [ 0.45249985  0.74785722]. 
 [ 0.18985432  0.18856882]. , [ 0.86224737  0.82042856]. 
 [ 0.18699438  0.20844319]. , [ 0.69736269  0.92405732]. 
 [ 0.2282072   0.21030551]. , [ 0.1187588   0.31034271]. 
 [ 0.17859232  0.22818336]. , [ 0.97376345  0.69335485]. 
 [ 0.24716957  0.25103444]. , [ 0.27612278  0.89736162]. 
 [ 0.2192834   0.18977741]. , [ 0.02318601  0.82521836]. 
 [ 0.20746149  0.16965166]. , [ 0.07341882  0.4491764 ]. 
 [ 0.2034714   0.21126225]. , [ 0.89085139  0.99400903]. 
 [ 0.20368086  0.18253178]. , [ 0.0714403   0.74382477]. 
 [ 0.21103925  0.20104371]. , [ 0.63130378  0.7030484 ]. 
 [ 0.2054579   0.22282236]. , [ 0.86033247  0.74940203]. 
 [ 0.21245878  0.21126013]. , [ 0.94990761  0.71881735]. 
 [ 0.24114498  0.22955947]. , [ 0.40524633  0.56951772]. 
 [ 0.1758959   0.26267097]. , [ 0.76453203  0.93545616]. 
 [ 0.21778891  0.19952024]. , [ 0.22428704  0.81597667]. 
 [ 0.20060289  0.20429451]. , [ 0.14649893  0.2615896 ]. 
 [ 0.21429283  0.22146176]. , [ 0.02509736  0.23505943]. 
 [ 0.19398751  0.2157805 ]. , [ 0.67280169  0.1177903 ]. 
 [ 0.24348922  0.21356086]. , [ 0.39386622  0.37270951]. 
 [ 0.2302065   0.19704798]. , [ 0.02034394  0.4390246 ]. 
 [ 0.20887302  0.19020937]. , [ 0.1021211  0.188699 ]. 
 [ 0.19873369  0.19560928]. , [ 0.04914454  0.61654242]. 
 [ 0.22338243  0.17760683]. , [ 0.50999183  0.45558884]. 
 [ 0.22110234  0.20843945]. , [ 0.41679051  0.86034306]. 
 [ 0.18006763  0.21318363]. , [ 0.17250556  0.12173989]. 
 [ 0.24119921  0.18815033]. , [ 0.61125089  0.86551646]. 
 [ 0.17299906  0.19805932]. , [ 0.45256467  0.62617654]. 
 [ 0.19183184  0.20446915]. , [ 0.68499472  0.70264472]. 
 [ 0.21719706  0.23417623]. , [ 0.22110856  0.04948349]. 
 [ 0.20189191  0.23397454]. , [ 0.45419368  0.22511716]. 
 [ 0.18364047  0.18194487]. , [ 0.54063899  0.87706068]. 
 [ 0.23307258  0.13607524]. , [ 0.9086522   0.03545902]. 
 [ 0.22494406  0.21913458]. , [ 0.90075378  0.95352526]. 
 [ 0.20730911  0.19571974]. , [ 0.15400471  0.85226443]. 
 [ 0.20745166  0.212929  ]. , [ 0.68729262  0.43779012]. 
 [ 0.19432856  0.22215153]. , [ 0.29488277  0.99420421]. 
 [ 0.18984621  0.19549546]. , [ 0.92733284  0.43299993]. 
 [ 0.18828963  0.2294807 ]. , [ 0.08288847  0.18896464]. 
 [ 0.20043282  0.22391938]. , [ 0.45164103  0.60129441]. 
 [ 0.19628512  0.1855398 ]. , [ 0.27212847  0.10092698]. 
 [ 0.16881268  0.22086215]. , [ 0.54557498  0.86219514]. 
 [ 0.21492946  0.21545093]. , [ 0.36715915  0.77498829]. 
 [ 0.18183929  0.19141718]. , [ 0.16010156  0.86079485]. 
 [ 0.22785097  0.22925643]. , [ 0.27089522  0.41896845]. 
 [ 0.19151356  0.21135674]. , [ 0.71660436  0.31518246]. 
 [ 0.1989224  0.2005714]. , [ 0.75672881  0.91177417]. 
 [ 0.22249272  0.19515595]. , [ 0.23001227  0.31009517]. 
 [ 0.1951236   0.19221554]. , [ 0.23622013  0.80399419]. 
 [ 0.20517656  0.21715084]. , [ 0.97173296  0.98986805]. 
 [ 0.15901254  0.17494345]. , [ 0.90549643  0.09334452]. 
 [ 0.23033622  0.20450471]. , [ 0.95787233  0.40748008]. 
 [ 0.18047604  0.20533569]. , [ 0.14582718  0.15731859]. 
 [ 0.21151867  0.20602671]. , [ 0.66281094  0.64890471]. 
 [ 0.19904496  0.2127385 ]. , [ 0.47682571  0.65118792]. 
 [ 0.213559    0.18718174]. , [ 0.56016549  0.6252629 ]. 
 [ 0.19642348  0.20445988]. , [ 0.13320218  0.13098249]. 
 [ 0.21758763  0.24797174]. , [ 0.22619462  0.29796586]. 
 [ 0.20539064  0.20339581]. , [ 0.64713638  0.23303701]. 
 [ 0.20277234  0.20756218]. , [ 0.61030912  0.29537188]. 
 [ 0.23420659  0.21278816]. , [ 0.45726493  0.19009847]. 
 [ 0.25234719  0.20262449]. , [ 0.12635922  0.18067113]. 
